[
    {
        "title": "Awal Pembelajaran Semester 2 Tahun Ajaran 2025\/2026",
        "description": "Peserta didik baru tahun ajaran 2025\/2026 memulai pembelajaran semester 2.",
        "day": "5",
        "month": "Jan",
        "time": "07:00 WIB",
        "location": "Ruang Kelas"
    },
    {
        "title": "Pembagian Rapot Siswa\/Siswi",
        "description": "Pembagian rapot siswa\/siswi semester 1 diambil sama orang tua\/wali sesuai kelas masing-masing.",
        "day": "20",
        "month": "Des",
        "time": "08:00 WIB",
        "location": "Ruang Kelas"
    }
]