[
    {
        "title": "Mts Manba'ul Ulum mengucapan selamat memperingati Harlah Nu ke-103",
        "excerpt": "Mts Manba'ul Ulum mengucapan selamat memperingati Harlah Nu ke-103",
        "date": "7 Januari 2005",
        "category": "Umum",
        "image": "uploads\/harlahnu.png",
        "content": "Mts Manba'ul Ulum mengucapan selamat memperingati Harlah Nu ke-103\r\n"
    },
    {
        "title": "Arti dari logo MTs Manba'ul Ulum Gebog Kudus",
        "excerpt": "Arti logo MTs Manbaul Ulum Gebog Kudus mencerminkan visi pendidikan Islam Ahlussunnah Wal Jamaah",
        "date": "7 Januari 2025",
        "category": "Umum",
        "image": "uploads\/logo.jpg",
        "content": "\r\nArti logo MTs Manbaul Ulum Gebog Kudus mencerminkan visi pendidikan Islam Ahlussunnah Wal Jamaah di bawah naungan LP Ma'arif NU, dengan elemen seperti pena dan buku melambangkan kecerdasan beretika, menara melambangkan cita-cita luhur, bintang sembilan dari logo NU, pita untuk keikhlasan, dan padi-kapas untuk kemakmuran dunia-akhirat, walau sumber yang tersedia lebih rinci untuk versi Malang, namun semangatnya sama. "
    }
]