{
    "akademik": [
        {
            "year": "2023",
            "title": "Juara 1 Tahfidz 5 Juz Putra (PORSENI) KKMTS Kab.Kudus 2023",
            "name": "Muhammad Zada Ezzedien Azzuhdy"
        },
        {
            "year": "2023",
            "title": "Juara 1 MTQ Putri (PORSENI) KKMTS Kabupaten Kudus 2023",
            "name": "Nur Zakiyatus Sholikhah"
        }
    ],
    "non-akademik": [
        {
            "year": "2023",
            "title": "Juara 1 Karate Putri +40 KG Forki CUP 2023 Kab.Kudus",
            "name": "Annisa Juliana Putri"
        },
        {
            "year": "2022",
            "title": "Juara 1 Kumite SMP/MTS Putra -45 KG",
            "name": "M. Rangga Kurniawan"
        }
    ]
}